Title,Location,Price,Area,Bedrooms,Bathrooms
"Chính thức mở bán siêu phẩm Shopvillas Lake View - Biệt thự view hồ, phiên bản giới hạn. Chỉ 18 căn","·
Từ Sơn, Bắc Ninh","7,6 tỷ",120 m²,4,4
"Nắm giỏ hàng độc quyền hơn 99 căn The Opera Metropole Thủ Thiêm đẹp nhất, giá tốt nhất thị trường","·
Quận 2, Hồ Chí Minh","14,1 tỷ",77 m²,2,2
"Rổ hàng T10/24 mua trực tiếp CĐT Diamond Celadon City, chiết khấu đến 25%, miễn lãi vs gốc 36 tháng","·
Tân Phú, Hồ Chí Minh","5,4 tỷ",86 m²,2,2
"Chuyên chuyển nhượng Masteri Thảo Điền, cam kết giá tốt nhất thị trường. LH: 0931 177 *** em Trâm","·
Quận 2, Hồ Chí Minh","5,4 tỷ",70 m²,2,2
"Căn hộ Opera (1PN-11,2tỷ)(2PN - 14,5tỷ)(3PN-26tỷ)(4PN-35tỷ), có căn bán rẻ hơn 1tỷ do vay ngân hàng","·
Quận 2, Hồ Chí Minh","14,5 tỷ",80 m²,2,2
"Chuyên bán căn hộ Lumiere Riverside từ 1 PN đến 5 PN, duplex, penthouse, giá tốt nhất","·
Quận 2, Hồ Chí Minh","7,3 tỷ",78 m²,2,2
"Quỹ căn liền kề 63m2. Giá chỉ 7,5 tỷ phân khu Cọ Xanh, CK 18%-25%, HTLS 0% 24 tháng. Nhận nhà luôn","·
Văn Giang, Hưng Yên","7,5 tỷ",63 m²,4,4
Rổ hàng Celadon City trực tiếp CĐT (Ko chênh lệch) / CK 17% - thanh toán nhanh - nhà sẵn nhận ngay,"·
Tân Phú, Hồ Chí Minh","5,56 tỷ",86 m²,2,2
"Chính thức mở bán siêu phẩm shopvillas Lake View - Biệt thự view hồ, phiên bản giới hạn. Chỉ 18 căn","·
Từ Sơn, Bắc Ninh",11 tỷ,180 m²,3,4
"Chính chủ cần tiền bán gấp căn 3pn2vs full nội thất xịn xò, sẵn xách vali về ở","·
Hoài Đức, Hà Nội","4,48 tỷ","96,8 m²",3,2
"Chủ nhà gửi bán lỗ căn hộ 3PN Vinhomes Grand Park, giá chỉ 2,85 tỷ còn thương lượng","·
Quận 9, Hồ Chí Minh","2,85 tỷ",82 m²,3,N/A
Rẻ nhất Beverly Solari. Căn góc 2PN+70m2 giá chỉ 3.05 tỷ khu cao cấp đối diện Vincom LH 0903 040 ***,"·
Quận 9, Hồ Chí Minh","3,05 tỷ",70 m²,3,2
Tấn trường: Độc quyền 3PN The Opera - View Sông Sài Gòn CBD Quận 1 - Nhà hát Opera - 52 tỷ all in,"·
Quận 2, Hồ Chí Minh",52 tỷ,138 m²,3,2
"Rổ hàng tốt nhất của CĐT từ 1.5 tỷ/căn 55,6m2. Thanh toán 9tr/tháng, cam kết thuê lại 8-10tr/tháng","·
Dĩ An, Bình Dương","1,52 tỷ","55,6 m²",2,1
"Bán căn góc 3N2W - Vốn tự có chỉ cần 10% ~ 557 triệu - phân khu London - Ocean Park 1 - DT: 81,4m2","·
Gia Lâm, Hà Nội","5,21 tỷ","81,4 m²",3,2
"Tổng hợp giá tốt nhất từ CĐT căn hộ Phú Đông Sky Garden sắp bàn giao giá từ 2 tỷ 6, chiết khấu 15%","·
Dĩ An, Bình Dương","2,6 tỷ","69,7 m²",2,2
"CK 28% bắt đáy 23.Xtỷ còn 17tỷ shop 2mặt tiền, 110m2 đường 20m đối diện sân golf+CCCC Ocean Park2","·
Văn Giang, Hưng Yên",17 tỷ,110 m²,N/A,N/A
Tổng hợp lãi suất vay mua bất động sản ưu đãi nhất thị trường,N/A,Vay mua nhà,N/A,N/A,N/A
"So sánh ngay"" giỏ hàng chuyển nhượng giai đoạn 1 & 2 Akari city ""quyết định đúng đắn cho tương lai","·
Bình Tân, Hồ Chí Minh","2,68 tỷ",56 m²,2,2
"Bán liền kề, biệt thự mặt biển Vinhomes Ocean Park 3- LK 17.5 tỷ, biệt thự 27 tỷ (VIP- chuẩn 100%)","·
Văn Giang, Hưng Yên","17,5 tỷ",75 m²,5,5
Bán căn góc 120m2 (3PN - 3wc) - trực tiếp CĐT - CK từ 1 tỷ/căn - tặng iphone 16 ngay tháng 10,"·
Long Biên, Hà Nội","6,36 tỷ",120 m²,3,3
"Danh sách 05 căn góc, mặt hồ và giá đầu tư tốt nhất dự án Vinhomes Ocean Park 3 không thể bỏ qua","·
Văn Giang, Hưng Yên","14,5 tỷ",100 m²,N/A,N/A
Nhiều lựa chọn đa dạng diện tích tại Akari City giai đoạn 1 và 2 giá chỉ từ 2tỷ7/căn đã có sổ,"·
Bình Tân, Hồ Chí Minh","3,15 tỷ",62 m²,2,1
"CK tới 23%, biệt thự song lập Mini giá rẻ nhất thị trường giá chỉ từ 9.9tỷ - Vinhomes Ocean Park 3","·
Văn Giang, Hưng Yên","9,9 tỷ",91 m²,N/A,N/A
"HOT* HOT* ĐỐI DIỆN SẢNH THANG MÁY 12 TÒA CHUNG CƯ + BIỂN TẠO SÓNG, mặt đường 20m phân khu SAN HÔ","·
Văn Giang, Hưng Yên","11,9 tỷ",70 m²,5,5
"Verosa Park Khang Điền 5x17m 11.5tỷ, 6x17,4m giá 12.5 tỷ 5x20m giá 14.4 tỷ 10x17 giá 21 tỷ .","·
Quận 9, Hồ Chí Minh",11 tỷ,91 m²,N/A,N/A
Bỏ ra 2.2 tỷ - thanh toán 2 năm hoặc trả góp 35 năm - chung cư cao cấp - 4 mặt sông Hàn - Peninsula,"·
Sơn Trà, Đà Nẵng","2,2 tỷ","45,4 m²",1,1
"Cơ hội đầu tư Siêu Rẻ có 165 Tr/m2 - Lô góc xẻ khe San Hô 4: trục chính 20m, sát chung cư & Biển","·
Văn Giang, Hưng Yên","23,76 tỷ",144 m²,10,8
"Quỹ hàng cắt lỗ, giá tốt nhất tại Vinhomes Ocean Park-2 tháng 10/2024. Hotline 0815 805 ***","·
Văn Giang, Hưng Yên","7,5 tỷ",60 m²,7,5
"Quỹ căn chuyển nhượng Sapphire, Pavilion, Zenpark Vin OceanPark 1 giá tốt, nhận nhà ngay 0868 984 ***","·
Gia Lâm, Hà Nội","2,55 tỷ",55 m²,2,1
"Bán BT tứ lập rẻ nhất Ocean Park 2, giá 14 tỷ, liên hệ 0966 106 ***","·
Văn Giang, Hưng Yên",14 tỷ,120 m²,N/A,N/A
"Chuyên bán Hà Đô - Cam kết báo giá thật, giá tốt nhất thị trường, 1PN 5.3tỷ - 2PN 7.1tỷ - 3PN 9tỷ","·
Quận 10, Hồ Chí Minh","7,1 tỷ",88 m²,2,2
"Quỹ căn rẻ nhất còn chiết khấu 26,5% + 16 chỉ vàng tại dự án Vinhome Ocean Park 2. LH: 0979 579 ***","·
Văn Giang, Hưng Yên","9,1 tỷ",80 m²,5,5
"Nhà Vinhomes ngay Vincom chiết khấu 36%, thanh toán chỉ 400 triệu miễn lãi 2 năm","·
Quận 9, Hồ Chí Minh","2,7 tỷ",60 m²,2,2
"MỞ BÁN LIỀN KỀ, SHOPHOUSE DỰ ÁN HIM LAM THƯỜNG TÍN CHỈ TỪ 10 TỶ/LÔ, GIÁ CĐT, KHÔNG CHÊNH.","·
Thường Tín, Hà Nội",10 tỷ,87 m²,4,6
"Căn hộ cao cấp Symphony sông Hàn, vốn chỉ từ 670 triệu, C/K tới 18% NH hỗ trợ vay70%, sở hữulâu dài","·
Sơn Trà, Đà Nẵng","2,4 tỷ",40 m²,1,1
"Chính thức mở bán S2.10 - S2.17 trực tiếp chủ đầu tư không chênh, CK 7%, hỗ trợ vay 0%","·
Gia Lâm, Hà Nội","2,5 tỷ",59 m²,2,2
Tổng hợp lãi suất vay mua bất động sản ưu đãi nhất thị trường,N/A,Vay mua nhà,N/A,N/A,N/A
"Độc quyền liền kề Vịnh Tây trực diện cụm trường học quốc tế, gần chung cư, nhà để xe, full CK CĐT","·
Văn Giang, Hưng Yên","8,8 tỷ",68 m²,N/A,N/A
Bán căn hộ Vinhomes Central Park & Landmark 81 giá tốt nhất (1 2 3 4 PN penthouse). LH 0901 692 ***,"·
Bình Thạnh, Hồ Chí Minh","6,3 tỷ",85 m²,2,2
Sức hút vô hạn căn 2PN view sông Hàn Peninsula Đà Nẵng - đầu tư mã căn đẹp - lợi nhuận vượt trội,"·
Sơn Trà, Đà Nẵng","3,35 tỷ","62,8 m²",2,2
"Giỏ hàng chuyển nhượng căn hộ Vinhomes Ba Son 1PN, 2PN, 3PN, 4PN những căn giá tốt tháng T07/2024","·
Quận 1, Hồ Chí Minh",14 tỷ,99 m²,3,N/A
"Thanh lý 6 căn Opera do khách hàng mất khả năng thanh toán lãi vay(1PN-10tỷ)(2PN-14tỷ),3 phòng 46tỷ","·
Quận 2, Hồ Chí Minh",16 tỷ,84 m²,2,2
"MUA NHÀ GIÁ RẺ TẠI ĐÂY - CẬP NHẬT LIÊN TỤC GIỎ HÀNG ĐẢO KIM CƯƠNG, TỪ 1-2-3-4-5PN-DUPLEX-VILLA-PENT","·
Quận 2, Hồ Chí Minh",5 tỷ,72 m²,2,2
Tổng hợp căn ngoại giao giá tốt vị trí đẹp và quỹ hot của quỹ thưởng VH Quý khách chọn vị trí,"·
Đông Anh, Hà Nội","20,6 tỷ",75 m²,N/A,N/A
Bán đất giáp Sông Cái và Quốc lộ 27C đi từ Nha Trang lên TP Đà Lạt,"·
Diên Khánh, Khánh Hòa",190 triệu,500 m²,N/A,N/A
Giải Pháp Cho Người Thu Nhập Thấp Và Nhà Đầu Tư Thông Minh,"·
Chương Mỹ, Hà Nội","2,32 tỷ",36 m²,4,4
Chuyển nhượng căn hộ giá tốt nhất tháng 10/2024 tại Vinhomes Ocean Park - Gia Lâm - Đa Tốn - Hà Nội,"·
Gia Lâm, Hà Nội","3,45 tỷ",75 m²,2,2
"Bán 2 lô đất TĐC Kho 3 Lạc Viên - Vị Trí Đắc Địa, Giá Hợp Lý, Tiềm Năng Sinh Lời Cực Cao!","·
Ngô Quyền, Hải Phòng","3,88 tỷ",40 m²,N/A,N/A
Chính chủ bán cắt lỗ căn 75m2 dự án The Manor Central Park Nguyễn Xiển,"·
Hoàng Mai, Hà Nội","25,5 tỷ",75 m²,N/A,N/A
"Cần bán căn hộ giá 1 tỷ VND tại The Sun Avenue, Quận 2","·
Quận 2, Hồ Chí Minh",1 tỷ,60 m²,N/A,N/A
"Nhỉnh 1tỷ rẻ nhất Bình Yên, sát Tỉnh Lộ 420, CNC FPT Thạch Thất Hoà Lạc, đường thông, ô tô Tránh","·
Thạch Thất, Hà Nội","1,5 tỷ","66,5 m²",N/A,N/A
"Lumiere Riverside em chuyên săn những căn giá gốc cắt lỗ (52m2 - 4,9tỷ) (77m2-6,2tỷ) (101m2-10tỷ)","·
Quận 2, Hồ Chí Minh","4,9 tỷ",52 m²,1,1
"Tứ lập Đảo Dừa 120m2, mặt tiền 8m phân khu VVIP tại Vinhomes Ocean Park 2","·
Văn Giang, Hưng Yên","16,36 tỷ",120 m²,5,5
Top 1! Biệt thự đơn lập đẹp có giá tốt nhất tại Ngọc Trai Vinhomes Ocean Park Gia Lâm.LH 0967 510 ***,"·
Gia Lâm, Hà Nội",61 tỷ,288 m²,N/A,N/A
"Nhà 7 tầng, thang máy nhập khẩu Đức, gara 2 ô tô 7 chỗ, 82m2, đường 2 ô tô tránh nhau","·
Hai Bà Trưng, Hà Nội","26,5 tỷ",82 m²,6,4
"""CX11-13X"" duy nhất 01 căn ""Palm Villas - song lập mini"" tại VHOCP2 - DT: 88m2 - giá chỉ: 10,7 tỷ","·
Văn Giang, Hưng Yên","10,7 tỷ",88 m²,N/A,N/A
Tổng hợp lãi suất vay mua bất động sản ưu đãi nhất thị trường,N/A,Vay mua nhà,N/A,N/A,N/A
"Tứ lập Đảo Dừa 120m2, mặt tiền 8m phân khu VVIP tại Vinhomes Ocean Park 2","·
Văn Giang, Hưng Yên","16,36 tỷ",120 m²,5,5
Top 1! Biệt thự đơn lập đẹp có giá tốt nhất tại Ngọc Trai Vinhomes Ocean Park Gia Lâm.LH 0967 510 ***,"·
Gia Lâm, Hà Nội",61 tỷ,288 m²,N/A,N/A
"Nhà 7 tầng, thang máy nhập khẩu Đức, gara 2 ô tô 7 chỗ, 82m2, đường 2 ô tô tránh nhau","·
Hai Bà Trưng, Hà Nội","26,5 tỷ",82 m²,6,4
"""CX11-13X"" duy nhất 01 căn ""Palm Villas - song lập mini"" tại VHOCP2 - DT: 88m2 - giá chỉ: 10,7 tỷ","·
Văn Giang, Hưng Yên","10,7 tỷ",88 m²,N/A,N/A
"Bán gấp 280 triệu 1.010m2(25x40m) sổ riêng TX Bình Phước, ngay chợ, trường học, KCN","·
Chơn Thành, Bình Phước",280 triệu,1.010 m²,N/A,N/A
"Ở có lãi, đầu tư càng có lãi: Căn Phố Biển trục thông 44 tòa chung cư, biển hồ, ký trực tiếp CĐT","·
Văn Giang, Hưng Yên","11,5 tỷ",85 m²,N/A,N/A
"Giỏ hàng Akari giai đoạn 1 và giai đoạn 2 tốt nhất, giá từ 2,7 tỷ/căn ĐT:0938 919 *** Ngân GĐ dự án","·
Bình Tân, Hồ Chí Minh","3,15 tỷ",62 m²,2,1
"Tin giá thật em Hiệp chuyên mua bán căn hộ Lumiere Riverside, Quận 2","·
Quận 2, Hồ Chí Minh","6,15 tỷ",52 m²,1,1
"Bán đất 71m2 mặt đường to ô tô đỗ trước nhà Thuận Tiến, Dương Xá, Gia Lâm","·
Gia Lâm, Hà Nội","5,3 tỷ","71,1 m²",N/A,N/A
"Căn hộ Celadon City - Diamond Centery. Từ 2,1 tỷ nhận nhà. Chuẩn Resort, sống tinh hoa","·
Tân Phú, Hồ Chí Minh","6,5 tỷ",86 m²,2,2
Quỹ căn độc quyền đẹp nhất Sun Symphony giá tốt giai đoạn 1. NH hỗ trợ vay 70% LS 0% + ân hạn gốc,"·
Sơn Trà, Đà Nẵng","2,67 tỷ",40 m²,1,1
Tổng hợp lãi suất vay mua bất động sản ưu đãi nhất thị trường,N/A,Vay mua nhà,N/A,N/A,N/A
"A&T Sky Garden - Căn hộ cao cấp Quốc Lộ 13 với ba mặt view hướng thủy, sở hữu chỉ với 240 triệu","·
Thuận An, Bình Dương","2,26 tỷ",73 m²,2,2
"Top 10 căn cắt lỗ liền kề, biệt thự, shophouse, vị trí đẹp giá cực tốt, sẵn sổ đỏ LH e: 0967 205 ***","·
Văn Giang, Hưng Yên","8,9 tỷ",91 m²,N/A,N/A
"Bán, liền kề Cọ Xanh 18 mặt đường rộng 20m 10.8 tỷ 80m2 Vinhomes Ocean Park 2 The Empire","·
Văn Giang, Hưng Yên","10,8 tỷ",80 m²,5,4
Cập nhật quỹ căn bán chung cư Sunshine City Ciputra tháng 10/2024 hàng đẹp - giá cạnh tranh,"·
Bắc Từ Liêm, Hà Nội","5,3 tỷ","80,3 m²",2,2
"Độc quyền! 3ngủ 92m2 nhỉnh 3tỷ/sổ 50 năm, nhỉnh 4,5tỷ/sổ lâu dài. Vào trước 700tr kí HĐ, view hồ VQ","·
Hà Đông, Hà Nội","3,4 tỷ",92 m²,3,2
"Sổ đỏ trao tay, Sở hữu ngay Dinh thự Hồ Tây đặc mệnh toàn quyền nội đô HN, Mua trực tiếp từ CĐT","·
Tây Hồ, Hà Nội","104,2 tỷ",275 m²,4,5
"Quỹ độc quyền Victoria đủ căn từ studio đến 3PN + , bàn giao cao cấp, 2 hầm, vốn ban đầu từ 550 tr","·
Nam Từ Liêm, Hà Nội","4,5 tỷ",64 m²,2,2
Độc quyền căn SL 3 mặt tiền Đảo Dừa hơn 30 tỷ. Được trừ chiết khấu hơn 5 tỷ. View sông công viên,"·
Văn Giang, Hưng Yên",30 tỷ,180 m²,6,4
"Chỉ 2,85 tỷ cho căn 3PN 82m2 tại Vinhomes Grand Park, Chủ cắt lỗ bán gấp giảm sâu cho khách","·
Quận 9, Hồ Chí Minh","2,85 tỷ",82 m²,3,2
"Bán nhà mặt phố Nguyễn Phong Sắc, Cầu Giấy. Diện tích 588m2, 15 tầng, mặt tiền 25m. Giá chào 570 tỷ","·
Cầu Giấy, Hà Nội",570 tỷ,588 m²,48,50
"Biệt thự song lập 150m2 phân khu San Hô giá dưới 200tr/m2. Vị trí đẹp, gần hồ. Giá có thương lượng","·
Gia Lâm, Hà Nội","29,8 tỷ",150 m²,N/A,N/A
"Quỹ căn hộ Studio, 1N, 2N, 3N chính chủ gửi bán pháp lý rõ ràng, giá cắt lỗ tại Ocean Park","·
Gia Lâm, Hà Nội","2,2 tỷ",43 m²,1,1
"Bán shophouse giá 15 tỷ VND tại Masteri Centre Point, Quận 9","·
Quận 9, Hồ Chí Minh",15 tỷ,150 m²,N/A,N/A
"Bán căn hộ sân vườn cao cấp Golden River Tây Hồ - Rẻ hơn giá gốc CĐT, 141m2 đến 211m2 từ 80tr/m2","·
Tây Hồ, Hà Nội","12,78 tỷ","159,8 m²",3,2
"Mua nhà tại The Wisteria ưu đãi cực sốc chiết khấu tới 1tỷ ,HTLS 0% tới 15 tháng,giá chỉ 51tr/m2","·
Hoài Đức, Hà Nội","7,08 tỷ","138,8 m²",3,3
Phan Hằng Group - hỗ trợ mua bán & chuyển nhượng căn hộ tại Goldmark City loại 2 - 3 & 4 Phòng Ngủ,"·
Bắc Từ Liêm, Hà Nội",6 tỷ,110 m²,3,2
Tổng hợp lãi suất vay mua bất động sản ưu đãi nhất thị trường,N/A,Vay mua nhà,N/A,N/A,N/A
